Aapeli;Agories;Aino;Akari;Aku;Akurakhaithan;Aldegund;Aldegundis;Alegosill;Aleifr;Aligyolenn;Andaclor;Andreas;Ane;Aneude;Ani;Annica;Anoldin;Anolorarto;Antygrious;Anurnili;Anyagi;Arfarid;Ari;Asdegumor;Ase;Asterdasto;Astridr;Ath;Auka;Aurora;Avoe;Aysuryekya;
Baeurn;Bardr;Basic;Bemartius;Borrn;Braekhun;Brynhulda;
Cakn;Caldalilde;Canaer;Canne;Canygaeus;Carthach;Cayne;Cedron;Cegaigna;Celunikusa;Cerjoral;Chae;Chaunarkar;Chinok;Ckadalve;Clirna;Cluro;Codidinne;Collodius;
Dagmaer;Daldistoni;Daniterius;Dargal;Darifr;Daro;Dasu;Datharok;Dealgaslur;Demmia;Detlef;Detriant;Dhuri;Docekanno;Dostrakhai;Drileri;Dusey;
Eakeriteri;Eathaliel;Eatyald;Ebjathol;Ebjor;Edaderarer;Edaf;Edarinted;Edarnar;Ededx;Edi;Efri;Egae;Eghode;Egi;Egliokjam;Egnernit;Egridlo;Eidgeapern;Eijyama;Einodeida;Eiro;Eitaero;Eka;Ekalhanan;Ekarisie;Ekat;Ekhoriege;Ekjunak;Ekkar;Eklaa;Ekogha;Ekwei;Elaer;Elderi;Elegnethan;Eleto;Eliaronu;Elidh;Eliel;Eliina;Elisa;Ellinana;Elogurkar;Elororidan;Elu;Emeandem;Emet;Emidi;Emma;Emmath;Emodiusika;Enasta;Enfidei;Enni;Ent;Enye;Eraneina;Eraveyl;Erdelda;Erellert;Eri;Eriatalvee;Eridin;Eridogrokh;Eridork;Eriennus;Eriethol;Erinet;Ero;Erod;Erodaigar;Erodmoller;Errara;Errikr;Errineleri;Errod;Ery;Eryann;Eselolilda;Esko;Etarriko;Eteklosasj;Ethoriek;Etran;Eunidall;Eurkanikri;Eurlin;Exar;Exxaleika;
Fagaetrud;Fale;Fastulfr;Flemming;Frerin;Freyr;
Gaegaralor;Gag;Galadiam;Gandalfr;Gardwin;Garoyno;Gautfrid;Geit;Getasboxs;Gij;Gikaskal;Gmal;Gmikweniad;Gmiolda;Gnori;Goxsa;Gsa;Gudm;Gudmund;Gunthiharjaz;Gurarko;Gver;Gvorall;Gyaliatro;Gyannilem;Gyo;
Haerda;Hallbjorn;Halli;Halvard;Heidi;Hella;Hemingr;Hhargtkle;Hreidarr;Hroerekr;Hrokhan;Hrorikr;Huld;Hurdania;Hurok;
Ialaero;Ialloni;Iam;Iapogagnal;Iasi;Idara;Idaskarno;Idhalor;Idigini;Idmaistode;Idun;Idunn;Iega;Ielurin;Ieneriu;Ierindari;Ietrilarna;Iga;Igul;Ihegigmar;Iina;Iinasberd;Iinidamas;Ikapose;Ikusihagl;Ineber;Inge;Ingegerd;Ingrid;Inianigalu;Ininik;Innarkalie;Inyaralei;Ionna;Ior;Ioraguni;Iororeunt;Iscat;Iteri;Iudhail;Iudmo;Iull;Iurd;
Jalagia;Janina;Jargsnek;Jerk;Justus;
Kael;Kaito;Kakyan;Kallum;Kaly;Kalypdrot;Kamar;Kaminoera;Kanig;Kanni;Kanta;Kanyandano;Kapna;Karalm;Kardo;Kareundor;Karjanya;Karjausiar;Karorig;Karr;Kateiturn;Katla;Kau;Kayser;Kcegrisa;Kenei;Keriara;Keridio;Ketil;Khantemen;Kharfap;Khinamagai;Khutroruka;Klaa;Klaudia;Klinnorka;Kninear;Knorig;Kok;Kori;Kqotr;Kridit;Kro;Krori;Kurii;Kurninor;Kyasi;Kyellik;
Laeda;Laemv;Lainni;Laita;Lal;Laleril;Lallianne;Lamalear;Lanalfan;Lane;Lani;Lanickanna;Lannidin;Lannoluloe;Laratsine;Lardal;Larkar;Lasare;Lasinino;Lasu;Latieg;Latlexiexa;Lbaratogl;Lbeluun;Lda;Ldaegert;Ldanorikro;Ldantudin;Ldapodsilj;Ldar;Ldarnaka;Ldarre;Ldas;Ldasarir;Ldatka;Ldeapi;Ldebrika;Ldeu;Ldigmi;Ldin;Ldita;Ldo;Ldokerol;Lduurketlo;Leanner;Ledit;Ledodikand;Lefnisaro;Legarocein;Lei;Lekarrero;Lelastigm;Lelika;Lelild;Lelodethu;Lemarikuro;Leo;Ler;Leraloli;Lerani;Leri;Lerie;Lerind;Lerneri;Lerornoro;Leto;Leumriara;Lfaldogu;Lfarnikalo;Lfi;Lgal;Lgapaekl;Lgeidaema;Lgoro;Lguma;Lialla;Lianall;Liartorudi;Lid;Lidarekl;Lidhul;Lidinyex;Liedc;Lier;Lierd;Liernee;Liero;Lig;Ligorri;Likyanora;Lil;Linaleum;Lind;Lindorke;Liner;Lininyo;Linnealavf;Linniarda;Linumi;Lisbeth;Ljan;Ljanar;Ljokaperie;Llademarn;Llaegu;Llaleing;Llaranar;Llarkaka;Llated;Lle;Llea;Lledriumib;Ller;Llerga;Llernetrin;Lli;Lligamanan;Llilall;Llininieke;Llorr;Lluhr;Llunninga;Llus;Llusemuse;Llusina;Lluslerdan;Llutorera;Lmag;Logar;Lokarxia;Lokrikri;Lol;Lolekro;Lolil;Lolurosj;Lonalussi;Lor;Lore;Loriegyol;Lorigs;Lornenegay;Luhgusto;Luhkys;Lukas;Lul;Luld;Luleler;Lululaymal;Lune;Lungerinni;Lunory;Lunt;Luntetea;Lurninin;Lurteglun;Lurto;Lusa;Lusarijo;Luseloll;Lusia;Lusju;Luslaer;Lussasexqo;Lustokasi;Luthel;Luurind;Lveret;Lyamapern;Lyor;Lyoroldia;Lyoror;
Maelar;Maer;Maerkapael;Maerxsikyst;Maidega;Mail;Mainio;Maliuror;Mamerib;Manellia;Mano;Mapat;Maridwidia;Marika;Marita;Mast;Mathgar;Maxav;Mefr;Meino;Merirfin;Miasaig;Miedinerd;Migalemal;Min;Mina;Mineekarj;Mionnia;Mmal;Mmar;Mmasuda;Mmira;Mor;Mordan;Moslager;Mrolgarno;Msusdelj;Musv;
Naalarjaur;Naar;Naeka;Naerali;Naernex;Nainap;Naisinad;Naisnangeg;Nakhalano;Naldegardi;Nalin;Nalisi;Nalli;Nan;Nananinuma;Nanasie;Nanea;Nangune;Nann;Nanumie;Nanundia;Nanurore;Napre;Nar;Narael;Naremalman;Narigor;Narisbelu;Narisind;Narjararen;Narjornii;Narlaleig;Narokasik;Naror;Narorbe;Narox;Naruroknan;Nas;Nasangur;Nasnel;Nat;Natasja;Nath;Nathalia;Nayga;Nazocataa;Nda;Ndaldi;Ndastaegek;Ndatusem;Ndays;Nde;Ndebfi;Ndekarin;Nderaer;Ndertaril;Ndertinari;Ndeth;Ndie;Ndin;Ndundin;Ndurka;Nealithaen;Neber;Ned;Neeldius;Neero;Negniar;Nei;Neigarya;Nek;Nekca;Nekuri;Nelduthogn;Neli;Neolithia;Neriast;Nerjaidmi;Nernicasi;Neroky;Nerrangav;Neys;Nfalf;Nfiudiv;Ngag;Nganaluk;Ngausi;Ngaysargan;Ngein;Ngemalv;Ngey;Ngi;Ngo;Ngu;Ngudin;Nguhr;Nguik;Ngur;Ngusinas;Nguskama;Nharikrorg;Nhariorin;Nia;Nialfi;Niapde;Niar;Nid;Nidexicann;Nidwiti;Niega;Nietan;Nif;Nigal;Nihrior;Nikyarjose;Nikyor;Ninala;Ninaleid;Ninerori;Ninga;Ningio;Nini;Nininot;Ninodxi;Ninokri;Ninyaror;Nioqorera;Niornela;Niornilod;Nirdur;Niste;Nitkor;Niuha;Niun;Niverien;Nja;Njai;Njal;Njall;Njarie;Nje;Nna;Nnaemalint;Nnar;Nnaukri;Nnautel;Nnave;Nne;Nnerogfat;Nnetidanf;Nni;Nnialur;Nnie;Nnigei;Nnigeno;Nnirra;Nno;Nnodmaeror;Nnola;Nnolusasel;Nnord;Nnorne;Nnornir;Nnororal;Nnoysanno;Noc;Nodeitlaet;Noder;Nog;Noganor;Noguridasq;Nogurnin;Nokha;Nola;Nolarnam;Nollerak;Nolo;Nor;Noraeganud;Norasenudi;Noriern;Norinalusa;Norini;Norir;Norjainigt;Norkasarjo;Norta;Nrartora;Nreranusi;Nri;Nriardi;Nridasti;Nriganoral;Nrosigani;Ntanurdar;Ntari;Ntatzulio;Ntulloysel;Ntun;Ntunedinj;Nturrid;Nudmammu;Nulaporare;Nuliocana;Numuinodar;Nunarin;Nungo;Nunorogmor;Nuny;Nura;Nurgalb;Nurkae;Nurog;Nusdemag;Nuuldiuh;Nyalialdak;Nyallie;Nyaniela;Nyapolya;Nyarikexx;Nyasder;Nye;Nyolicl;Nyordeam;Nyorlumidi;
Odin;Oebfinn;Oglethar;Ognar;Olaf;Olden;Olfr;Oline;Oykrig;
Paavo;Pagul;Pandos;Panear;Pda;Peasb;Peda;Pef;Pegasun;Peisanna;Pekando;Pekka;Pelebjer;Pelleete;Pellem;Peluri;Per;Pereb;Peurami;Peusari;Peynurra;Pidel;Pidrid;Pigaa;Pino;Pitaurtat;Pmartathi;Podo;Poeliegerk;Ponto;Por;Pordil;Porjal;Porkarj;Pornodiutu;Porriteri;Praethornyn;Pralian;Prarkar;Prian;Prigarn;Prignam;Prigorn;Prin;Prinino;Pro;Procari;Prochalik;Prolun;Proramal;Prox;
Radavear;Rade;Raethorna;Raetok;Rak;Rakaeri;Rakantan;Ralap;Ralinarn;Ralio;Rallock;Ramarane;Ran;Ranannie;Ranernumin;Rangafidan;Ranihagak;Ranio;Ranjazo;Rannustare;Rantoria;Ranyothidm;Rapox;Rapra;Rar;Raraaprinn;Rardin;Rari;Rarlemapel;Rarn;Rarnorjay;Ras;Rasbo;Rasiegrike;Rastei;Rastok;Rastut;Ratalidik;Rathghul;Rathigutu;Rdaemat;Rdaneurrar;Rdar;Rdaro;Rdeegsi;Rdef;Rdegaale;Rdemiganya;Rden;Rdene;Rdenic;Rder;Rdernialok;Rdeteniap;Rdi;Rdiedale;Rdielorn;Rdininoro;Rdino;Rdith;Rdiudi;Rdodal;Rdoer;Rdogano;Rduk;Rdur;Reetta;Regocer;Regseron;Regsikalo;Reina;Reklididul;Reknelek;Rel;Relar;Reli;Remaliolia;Remangania;Reor;Rer;Rerenasto;Rerios;Reriusna;Rerjav;Reuniega;Rexsunorif;Reylanna;Reyr;Rfarieth;Rfarinija;Rfinaa;Rgan;Rgastopey;Rgelierod;Rgerniat;Rgernolli;Rgina;Rgork;Riadadegu;Riakan;Riannok;Riap;Riapegm;Riarno;Riasjarni;Riasurei;Rica;Ricavi;Rick;Rid;Rida;Ridandae;Ride;Ridiun;Ridolu;Ridrika;Rielmaeri;Riemmo;Rien;Rierodern;Rieryatr;Rietha;Rietloqyel;Rif;Rig;Riga;Rigeranaur;Rignal;Rigwende;Rigyont;Rih;Riidin;Rij;Rijalea;Rijy;Rik;Rikarna;Rikluniu;Rikoysegma;Rillininn;Rin;Rindar;Rinegusatr;Ringurid;Riniornill;Rinn;Rinorocm;Rinosasiko;Rinoyleat;Rintana;Riokcaulus;Rioranerj;Riorer;Ritteuniet;Riudija;Riundaduu;Riv;Rivperin;Rixs;Rjag;Rjagara;Rjasjus;Rjodithus;Rjogor;Rjor;Rjuroria;Rka;Rkaanie;Rkaemrexs;Rkamai;Rkamuridi;Rkanapog;Rkatorie;Rke;Rkeklu;Rkocaetl;Rkodrapera;Rkorerorie;Rlust;Rna;Rnaalliun;Rnamaag;Rnamraatr;Rnar;Rnard;Rnasau;Rnatr;Rne;Rnea;Rneapdope;Rnearka;Rnebarnet;Rner;Rneterin;Rnialindih;Rnidikyog;Rnien;Rnik;Rnildiodi;Rninosin;Rnori;Rnork;Rnorkan;Rnorkel;Rnornudi;Rnoxingu;Rnoysae;Rnuly;Rnurd;Rocan;Rocharning;Rodmur;Roegyole;Rogainin;Roglorinn;Rogtel;Rogvernidi;Rok;Rokle;Rolaidroda;Rolaysie;Roler;Rondelfato;Ronilellin;Ror;Rora;Rorauhrina;Rordiasami;Rordiero;Rordon;Roret;Rorfidu;Roridiega;Roridikh;Rorininey;Rorjasderd;Rorjuha;Rorniern;Roror;Rororal;Rorore;Rororig;Rorri;Rorroro;Rorudisd;Rosi;Roxser;Roynaldig;Rra;Rralurnayg;Rrierier;Rtanalfa;Rtarr;Rtasaria;Rterd;Rterri;Rtetorolli;Rticla;Rto;Rtodegusb;Rtort;Rtutl;Runar;Rya;Ryaneyri;Ryato;Rzono;
Saeiligarkeuss;Said;Saldis;Sallaa;Sami;San;Sandethiu;Sanfasalo;Sang;Saniasidik;Santeri;Sar;Sariarnea;Sarierino;Sarinh;Sarya;Sasbedaa;Sasjoderaa;Satholexid;Satodarase;Saul;Sbo;Scalda;Scaleygu;Scalutf;Scar;Scorinida;Scyornfar;Sda;Sdeernae;Sdera;Seda;Seg;Segekaer;Sela;Selma;Seriane;Serijokr;Sethus;Shana;Siade;Siasjur;Siaska;Sicalin;Sicanjathu;Sie;Siegmar;Sielu;Siemaerie;Sienyer;Siero;Sig;Sigarka;Sigibert;Signy;Sigurdr;Sigvietr;Siikaldeg;Sikayrol;Sildiaridi;Sina;Sinae;Sinin;Sinockarjo;Sinodie;Siri;Sja;Sjailar;Sjami;Sjapoka;Sjerneti;Sjordaali;Sjorolut;Sjorrall;Sjudertu;Sjudil;Skae;Skaluriley;Skanitopra;Skathainay;Sketzuum;Skodatu;Skoysiexsa;Skuloni;Slenalla;Slibenar;Slunerrena;Snaranari;Snianarn;Snisaninik;Ssur;Sta;Stagegud;Stekauserd;Sten;Stenos;Stereror;Stinatt;Stinon;Stolann;Stunfal;Sudalur;Sudoclor;Susani;Susanne;Susin;Suuthare;Svan;Svarntok;Svastok;Svaterro;Sveignarri;Svordatan;Svortul;
Tai;Tarnau;Teaneriod;Tear;Tefriseig;Tekorna;Tellei;Temaero;Terol;Tet;Teta;Tey;Tha;Thadgar;Thalorfiko;Thalu;Tham;Thanar;Thanf;Thanhor;Thannar;Thannatus;Tharani;Tharanr;Thard;Tharo;Thi;Thinallele;Thiulle;Tholfarar;Tholumo;Thonart;Thor;Thoraeli;Thorbjorn;Thorir;Thrymr;Thu;Thudaa;Thuk;Thuljanor;Thunfanolf;Thunial;Thus;Thusark;Tine;Tinoporig;Tiny;Tlocemi;Tloriinj;Todai;Tognasn;Tokkarkada;Tonordarda;Topias;Tori;Torin;Toror;Traijaebe;Triaporjud;Tridridin;Trikarik;Trine;Tro;Tryggvi;Tsaeg;Tselgwedxxikog;Tsihorn;Tsu;Tudaryalfi;Tuija;Tukya;Tummi;Tunoldel;Tureelo;Tusa;Tyad;Tyamunn;Tzo;Tzonr;
Udasul;Udegalinf;Uhar;Ulduridi;Ule;Ulunarin;Uma;Umannornet;Unieb;Uninemigyo;Unnun;Unt;Untedegae;Unyole;Ureminolur;Urgyal;Uro;Urrinika;Usarolis;Usb;Usdis;Usiere;Usigsin;Usis;Usliaprer;Uste;Utha;Uthelfiig;Utornorik;
Valdemar;Vali;Vananurne;Vanari;Varinaa;Vayyea;Vbaro;Vea;Vegardr;Vegna;Vekrael;Ver;Veroleif;Vfalin;Viameraroc;Vide;Viedia;Viedskavn;Vig;Vigi;Vijaidi;Volund;Vorfinoli;Voystock;Vpekathath;Vturegiko;
Xsisa;
Yana;Yane;Yanidarg;Yar;Yarodida;Yavo;Yegarego;Yeriari;Yganaro;Ykertidie;Ylareralu;Yler;Yniveleri;Yod;Yokadwe;Yokaverunt;Yokrit;Yridindany;Yrjo;Ysaperanav;Ysaseylusu;Yyantranu;Yyod;
Ziherisia;Zorrathia;Zunta;